{
  "display": {
    "icon": {
      "item": "minecraft:creeper_head"
    },
    "title": "Archer",
    "description": "Kill a Creeper with arrows"
  },
  "parent": "minecraft:adventure/shoot_arrow",
  "criteria": {
    "shot_creeper": {
      "trigger": "minecraft:player_killed_entity",
      "conditions": {
        "entity": [
          {
            "condition": "minecraft:entity_properties",
            "entity": "this",
            "predicate": {
              "type": "minecraft:creeper"
            }
          }
        ],
        "killing_blow": {
          "is_projectile": true,
          "direct_entity": {
            "type": "#minecraft:arrows"
          }
        }
      }
    }
  }
}