{
  "display": {
    "icon": {
      "item": "minecraft:bread"
    },
    "title": "Bake Bread",
    "description": "Turn wheat into bread",
    "frame": "task",
    "show_toast": true,
    "announce_to_chat": true,
    "hidden": false
  },
  "parent": "minecraft:husbandry/root",
  "criteria": {
    "bread": {
      "trigger": "minecraft:inventory_changed",
      "conditions": {
        "items": [
          {
            "items": ["minecraft:bread"]
          }
        ]
      }
    }
  }
}