{
  "display": {
    "icon": {
      "item": "minecraft:magenta_bed"
    },
    "title": "Change of Sheets",
    "description": "Dye your bed a different color",
    "frame": "task",
    "show_toast": true,
    "announce_to_chat": true,
    "hidden": false
  },
  "parent": "minecraft:adventure/sleep_in_bed",
  "criteria": {
    "dyed_bed": {
      "trigger": "minecraft:inventory_changed",
      "conditions": {
        "items": [
          {
            "tag": "vnla_prt:dyed_beds"
          }
        ]
      }
    }
  }
}