{
  "display": {
    "icon": {
      "item": "minecraft:cobblestone"
    },
    "title": "Chestful of Cobblestone",
    "description": "Mine 1,720 Cobblestone and place it in a chest",
    "frame": "challenge",
    "show_toast": true,
    "announce_to_chat": true,
    "hidden": false
  },
  "parent": "minecraft:story/iron_tools",
  "criteria": {
    "chestful_of_cobblestone": {
      "trigger": "minecraft:item_used_on_block",
      "conditions": {
        "location": {
          "block": {
            "blocks": ["minecraft:chest"],
            "nbt": "{Items:[{Slot:0b,id:\"minecraft:cobblestone\",Count:64b},{Slot:1b,id:\"minecraft:cobblestone\",Count:64b},{Slot:2b,id:\"minecraft:cobblestone\",Count:64b},{Slot:3b,id:\"minecraft:cobblestone\",Count:64b},{Slot:4b,id:\"minecraft:cobblestone\",Count:64b},{Slot:5b,id:\"minecraft:cobblestone\",Count:64b},{Slot:6b,id:\"minecraft:cobblestone\",Count:64b},{Slot:7b,id:\"minecraft:cobblestone\",Count:64b},{Slot:8b,id:\"minecraft:cobblestone\",Count:64b},{Slot:9b,id:\"minecraft:cobblestone\",Count:64b},{Slot:10b,id:\"minecraft:cobblestone\",Count:64b},{Slot:11b,id:\"minecraft:cobblestone\",Count:64b},{Slot:12b,id:\"minecraft:cobblestone\",Count:64b},{Slot:13b,id:\"minecraft:cobblestone\",Count:64b},{Slot:14b,id:\"minecraft:cobblestone\",Count:64b},{Slot:15b,id:\"minecraft:cobblestone\",Count:64b},{Slot:16b,id:\"minecraft:cobblestone\",Count:64b},{Slot:17b,id:\"minecraft:cobblestone\",Count:64b},{Slot:18b,id:\"minecraft:cobblestone\",Count:64b},{Slot:19b,id:\"minecraft:cobblestone\",Count:64b},{Slot:20b,id:\"minecraft:cobblestone\",Count:64b},{Slot:21b,id:\"minecraft:cobblestone\",Count:64b},{Slot:22b,id:\"minecraft:cobblestone\",Count:64b},{Slot:23b,id:\"minecraft:cobblestone\",Count:64b},{Slot:24b,id:\"minecraft:cobblestone\",Count:64b},{Slot:25b,id:\"minecraft:cobblestone\",Count:64b},{Slot:26b,id:\"minecraft:cobblestone\",Count:64b}]}"
          }
        }
      }
    }
  },
  "rewards": {
    "experience": 50
  }
}