{
  "display": {
    "icon": {
      "item": "minecraft:leather"
    },
    "title": "Cow Tipper",
    "description": "Harvest some leather",
    "frame": "task",
    "show_toast": true,
    "announce_to_chat": true
  },
  "parent": "vnla_prt:legacy/time_to_strike",
  "criteria": {
    "get_leather": {
      "trigger": "minecraft:inventory_changed",
      "conditions": {
        "items": [
          {
            "items": ["minecraft:leather"]
          }
        ]
      }
    }
  }
}