{
  "display": {
    "icon": {
      "item": "minecraft:diamond"
    },
    "title": "Diamonds to You",
    "description": "Throw a diamond to someone else",
    "show_toast": true,
    "announce_to_chat": true,
    "hidden": false
  },
  "parent": "minecraft:story/mine_diamond",
  "criteria": {
    "entity_pickup_diamond": {
      "trigger": "minecraft:thrown_item_picked_up_by_entity",
      "conditions": {
        "item": {
          "items": ["minecraft:diamond"]
        }
      }
    }
  }
}