{
  "display": {
    "icon": {
      "item": "minecraft:shears"
    },
    "title": "Have a Shearful Day",
    "description": "Use shears to obtain wool from a sheep",
    "frame": "task"
  },
  "parent": "minecraft:story/smelt_iron",
  "criteria": {
    "shear_sheep": {
      "trigger": "minecraft:player_interacted_with_entity",
      "conditions": {
        "item": {
          "items": ["minecraft:shears"]
        },
        "entity": [
          {
            "condition": "minecraft:entity_properties",
            "entity": "this",
            "predicate": {
              "type": "minecraft:sheep"
            }
          }
        ]
      }
    }
  }
}