{
  "display": {
    "icon": {
      "item": "minecraft:iron_chestplate"
    },
    "title": "Iron Man",
    "description": "Wear a full suit of iron armor",
    "frame": "task",
    "show_toast": true,
    "announce_to_chat": true
  },
  "parent": "minecraft:story/obtain_armor",
  "criteria": {
    "full_iron_armor": {
      "trigger": "minecraft:location",
      "conditions": {
        "player": [
          {
            "condition": "minecraft:entity_properties",
            "entity": "this",
            "predicate": {
              "equipment": {
                "head": {
                  "items": ["minecraft:iron_helmet"]
                },
                "chest": {
                  "items": ["minecraft:iron_chestplate"]
                },
                "legs": {
                  "items": ["minecraft:iron_leggings"]
                },
                "feet": {
                  "items": ["minecraft:iron_boots"]
                }
              }
            }
          }
        ]
      }
    }
  }
}