{
  "display": {
    "icon": {
      "item": "minecraft:rotten_flesh"
    },
    "title": "Iron Belly",
    "description": "Stop starvation using Rotten Flesh",
    "frame": "task",
    "show_toast": true,
    "announce_to_chat": true,
    "hidden": false
  },
  "parent": "minecraft:adventure/kill_a_mob",
  "criteria": {
    "iron_belly": {
      "trigger": "minecraft:consume_item",
      "conditions": {
        "player": [
          {
            "condition": "minecraft:entity_properties",
            "entity": "this",
            "predicate": {
              "nbt": "{foodLevel:4}"
            }
          }
        ],
        "item": {
          "items": ["minecraft:rotten_flesh"]
        }
      }
    }
  }
}