{
  "display": {
    "icon": {
      "item": "minecraft:item_frame"
    },
    "title": "Map Room",
    "description": "Place 9 fully explored, adjacent map items into 9 item frames"
  },
  "parent": "minecraft:adventure/root",
  "criteria": {
    "requirement": {
      "trigger": "minecraft:location",
      "conditions": {
        "player": [
          {
            "condition": "minecraft:entity_scores",
            "entity": "this",
            "scores": {
              "vp.mapRoom": {
                "min": 9
              }
            }
          }
        ]
      }
    }
  }
}