{
  "display": {
    "icon": {
      "item": "minecraft:enchanted_golden_apple"
    },
    "title": "Overpowered",
    "description": "Eat an Enchanted Golden Apple",
    "frame": "challenge",
    "show_toast": true,
    "announce_to_chat": true,
    "hidden": true
  },
  "parent": "minecraft:husbandry/root",
  "criteria": {
    "eat_enchanted_golden_apple": {
      "trigger": "minecraft:consume_item",
      "conditions": {
        "item": {
          "items": ["minecraft:enchanted_golden_apple"]
        }
      }
    }
  },
  "rewards": {
    "experience": 50
  }
}