{
  "display": {
    "icon": {
      "item": "minecraft:cooked_porkchop"
    },
    "title": "Pork Chop",
    "description": "Cook and eat a porkchop",
    "frame": "task",
    "show_toast": true,
    "announce_to_chat": true,
    "hidden": false
  },
  "parent": "minecraft:husbandry/root",
  "criteria": {
    "iron_belly": {
      "trigger": "minecraft:consume_item",
      "conditions": {
        "item": {
          "items": ["minecraft:cooked_porkchop"]
        }
      }
    }
  }
}