{
  "display": {
    "icon": {
      "item": "minecraft:lava_bucket"
    },
    "title": "Stayin' Frosty",
    "description": "Swim in lava while under the Fire Resistance effect",
    "show_toast": true,
    "announce_to_chat": true
  },
  "parent": "minecraft:nether/brew_potion",
  "criteria": {
    "enter_lava_with_effect": {
      "trigger": "minecraft:enter_block",
      "conditions": {
        "player": [
          {
            "condition": "minecraft:entity_properties",
            "entity": "this",
            "predicate": {
              "effects": {
                "minecraft:fire_resistance": {}
              }
            }
          }
        ],
        "block": "minecraft:lava"
      }
    }
  }
}