{
  "display": {
    "icon": {
      "item": "minecraft:elder_guardian_spawn_egg"
    },
    "title": "The Deep End",
    "description": "Defeat an Elder Guardian"
  },
  "parent": "vnla_prt:bedrock/treasure_hunter",
  "criteria": {
    "elder_guardian": {
      "trigger": "minecraft:player_killed_entity",
      "conditions": {
        "entity": [
          {
            "condition": "minecraft:entity_properties",
            "entity": "this",
            "predicate": {
              "type": "minecraft:elder_guardian"
            }
          }
        ]
      }
    }
  }
}