{
  "display": {
    "icon": {
      "item": "minecraft:cake"
    },
    "title": "The Lie",
    "description": "Bake a cake using: wheat, sugar, milk, and eggs",
    "frame": "goal",
    "show_toast": true,
    "announce_to_chat": true,
    "hidden": false
  },
  "parent": "vnla_prt:legacy/bake_bread",
  "criteria": {
    "cake": {
      "trigger": "minecraft:inventory_changed",
      "conditions": {
        "items": [
          {
            "items": ["minecraft:cake"]
          }
        ]
      }
    }
  }
}