{
  "display": {
    "icon": {
      "item": "minecraft:saddle"
    },
    "title": "When Pigs Fly",
    "description": "Use a saddle to ride a pig, and then have the pig get hurt from fall damage while riding it",
    "frame": "challenge",
    "show_toast": true,
    "announce_to_chat": true,
    "hidden": false
  },
  "parent": "vnla_prt:legacy/cow_tipper",
  "criteria": {
    "requirement": {
      "trigger": "minecraft:entity_hurt_player",
      "conditions": {
        "player": [
          {
            "condition": "minecraft:entity_properties",
            "entity": "this",
            "predicate": {
              "vehicle": {
                "type": "minecraft:pig"
              }
            }
          },
          {
            "condition": "minecraft:entity_scores",
            "entity": "this",
            "scores": {
              "vp.fallDistance": {
                "min": 500
              }
            }
          }
        ],
        "damage": {
          "type": {
            "is_fire": false,
            "is_projectile": false,
            "bypasses_magic": false
          }
        }
      }
    }
  }
}