{
  "type": "minecraft:vegetation_patch",
  "config": {
    "surface": "floor",
    "depth": 1,
    "vertical_range": 1,
    "extra_bottom_block_chance": 0.0,
    "extra_edge_column_chance": 0.0,
    "vegetation_chance": 1,
    "xz_radius": 0,
    "replaceable": "vnla_prt:valid_trees_generate",
    "ground_state": {
      "type": "minecraft:simple_state_provider",
      "state": {
        "Name": "minecraft:grass_block",
        "Properties": {
          "snowy": "false"
        }
      }
    },
    "vegetation_feature": {
      "type": "minecraft:random_selector",
      "config": {
        "features": [
          {
            "chance": 0.1,
            "feature": "vnla_prt:oak_fallen"
          },
          {
            "chance": 0.66,
            "feature": "vnla_prt:spruce_fallen"
          }
        ],
        "default": "vnla_prt:spruce_fallen"
      }
    }
  }
}