{
  "type": "minecraft:decorated",
  "config": {
    "decorator": {
      "type": "minecraft:chance",
      "config": {
        "chance": 0
      }
    },
    "feature": {
      "type": "minecraft:fossil",
      "config": {
        "max_empty_corners_allowed": 7,
        "fossil_structures": [
          "vnla_prt:spruce_fallen"
        ],
        "overlay_structures": [
          "vnla_prt:spruce_fallen"
        ],
        "fossil_processors": "vnla_prt:gravity",
        "overlay_processors": "minecraft:empty"
      }
    }
  }
}