{
  "parent": "minecraft:nether/obtain_blaze_rod",
  "display": {
    "icon": {
      "item": "minecraft:potion",
      "nbt": "{Potion:\"minecraft:water\"}"
    },
    "title": {
      "translate": "advancements.nether.brew_potion.title"
    },
    "description": {
      "translate": "advancements.nether.brew_potion.description"
    },
    "frame": "task",
    "show_toast": true,
    "announce_to_chat": true,
    "hidden": false
  },
  "criteria": {
    "potion": {
      "trigger": "minecraft:brewed_potion",
      "conditions": {}
    }
  },
  "requirements": [
    [
      "potion"
    ]
  ]
}