{
  "criteria": {
    "map_on_frame": {
      "trigger": "minecraft:player_interacted_with_entity",
      "conditions": {
        "item": {
          "items": ["minecraft:filled_map"]
        },
        "entity": [
          {
            "condition": "minecraft:entity_properties",
            "entity": "this",
            "predicate": {
              "type": "minecraft:item_frame"
            }
          }
        ]
      }
    }
  },
  "rewards": {
    "function": "vnla_prt:advancements/map_room"
  }
}