{
  "criteria": {
    "iron_axe": {
      "trigger": "minecraft:inventory_changed",
      "conditions": {
        "items": [
          {
            "items": ["minecraft:iron_axe"]
          }
        ]
      }
    },
    "iron_hoe": {
      "trigger": "minecraft:inventory_changed",
      "conditions": {
        "items": [
          {
            "items": ["minecraft:iron_hoe"]
          }
        ]
      }
    },
    "iron_pickaxe": {
      "trigger": "minecraft:inventory_changed",
      "conditions": {
        "items": [
          {
            "items": ["minecraft:iron_pickaxe"]
          }
        ]
      }
    },
    "iron_shovel": {
      "trigger": "minecraft:inventory_changed",
      "conditions": {
        "items": [
          {
            "items": ["minecraft:iron_shovel"]
          }
        ]
      }
    }
  },
  "requirements": [
    [
      "iron_shovel"
    ],
    [
      "iron_pickaxe"
    ],
    [
      "iron_hoe"
    ],
    [
      "iron_axe"
    ]
  ]
}