{
  "criteria": {
    "stone_pickaxe": {
      "trigger": "minecraft:inventory_changed",
      "conditions": {
        "items": [
          {
            "items": ["minecraft:stone_pickaxe"]
          }
        ]
      }
    },
    "stone_axe": {
      "trigger": "minecraft:inventory_changed",
      "conditions": {
        "items": [
          {
            "items": ["minecraft:stone_axe"]
          }
        ]
      }
    },
    "stone_shovel": {
      "trigger": "minecraft:inventory_changed",
      "conditions": {
        "items": [
          {
            "items": ["minecraft:stone_shovel"]
          }
        ]
      }
    },
    "stone_hoe": {
      "trigger": "minecraft:inventory_changed",
      "conditions": {
        "items": [
          {
            "items": ["minecraft:stone_hoe"]
          }
        ]
      }
    }
  },
  "requirements": [
    [
      "stone_hoe"
    ],
    [
      "stone_shovel"
    ],
    [
      "stone_axe"
    ],
    [
      "stone_pickaxe"
    ]
  ]
}