{
  "type": "minecraft:block",
  "pools": [
    {
      "rolls": 1,
      "entries": [
        {
          "type": "minecraft:item",
          "conditions": [
            {
              "condition": "minecraft:block_state_property",
              "block": "minecraft:rose_bush",
              "properties": {
                "half": "lower"
              }
            }
          ],
          "functions": [
            {
              "function": "minecraft:apply_bonus",
              "enchantment": "minecraft:fortune",
              "formula": "minecraft:uniform_bonus_count",
              "parameters": {
                "bonusMultiplier": 2
              }
            }
          ],
          "name": "minecraft:rose_bush"
        }
      ],
      "conditions": [
        {
          "condition": "minecraft:survives_explosion"
        }
      ]
    }
  ]
}