{
  "config": {
    "feature": {
      "config": {
        "feature": "vnla_prt:fallen_trees_taiga_planted",
        "decorator": {
          "config": {
            "outer": {
              "config": {},
              "type": "minecraft:square"
            },
            "inner": {
              "config": {
                "outer": {
                  "config": {
                    "max_water_depth": 0
                  },
                  "type": "minecraft:water_depth_threshold"
                },
                "inner": {
                  "config": {
                    "heightmap": "OCEAN_FLOOR"
                  },
                  "type": "minecraft:heightmap"
                }
              },
              "type": "minecraft:decorated"
            }
          },
          "type": "minecraft:decorated"
        }
      },
      "type": "minecraft:decorated"
    },
    "decorator": {
      "config": {
        "count": 0,
        "extra_chance": 0.2,
        "extra_count": 1
      },
      "type": "minecraft:count_extra"
    }
  },
  "type": "minecraft:decorated"
}