{
  "criteria": {
    "extinquish": {
      "trigger": "minecraft:enter_block",
      "conditions": {
        "player": [
          {
            "condition": "minecraft:entity_properties",
            "entity": "this",
            "predicate": {
              "flags": {
                "is_on_fire": true
              }
            }
          }
        ],
        "block": "minecraft:water"
      }
    }
  },
  "rewards": {
    "function": "vnla_prt:interactions/extinguish"
  }
}