{
  "criteria": {
    "requirement": {
      "trigger": "minecraft:location",
      "conditions": {
        "player": [
          {
            "condition": "minecraft:entity_properties",
            "entity": "this",
            "predicate": {
              "stepping_on": {
                "block": {
                  "blocks": [
                    "minecraft:soul_campfire"
                  ],
                  "state": {
                    "lit": "false",
                    "waterlogged": "false"
                  }
                }
              },
              "flags": {
                "is_on_fire": true
              }
            }
          }
        ]
      }
    }
  },
  "rewards": {
    "function": "vnla_prt:interactions/light_soul_campfire_while_on_fire"
  }
}