{
  "criteria": {
    "grass_block": {
      "trigger": "minecraft:item_used_on_block",
      "conditions": {
        "item": {
          "items": ["minecraft:bone_meal"]
        },
        "location": {
          "block": {
            "blocks": ["minecraft:grass_block"]
          }
        }
      }
    },
    "moss_block": {
      "trigger": "minecraft:item_used_on_block",
      "conditions": {
        "item": {
          "items": ["minecraft:bone_meal"]
        },
        "location": {
          "block": {
            "blocks": ["minecraft:moss_block"]
          }
        }
      }
    }
  },
  "requirements": [
    [
      "moss_block",
      "grass_block"
    ]
  ],
  "rewards": {
    "function": "vnla_prt:interactions/used_bone_meal"
  }
}