{
  "parent": "vnla_prt:technical/feeding_root",
  "criteria": {
    "cod": {
      "trigger": "minecraft:player_interacted_with_entity",
      "conditions": {
        "item": {
          "items": ["minecraft:cod"]
        },
        "entity": [
          {
            "condition": "minecraft:entity_properties",
            "entity": "this",
            "predicate": {
              "type": "minecraft:dolphin"
            }
          }
        ]
      }
    },
    "salmon": {
      "trigger": "minecraft:player_interacted_with_entity",
      "conditions": {
        "item": {
          "items": ["minecraft:salmon"]
        },
        "entity": [
          {
            "condition": "minecraft:entity_properties",
            "entity": "this",
            "predicate": {
              "type": "minecraft:dolphin"
            }
          }
        ]
      }
    }
  },
  "requirements": [
    [
      "cod",
      "salmon"
    ]
  ],
  "rewards": {
    "function": "vnla_prt:interactions/fed_mob"
  }
}