{
  "parent": "vnla_prt:technical/feeding_root",
  "criteria": {
    "wheat": {
      "trigger": "minecraft:player_interacted_with_entity",
      "conditions": {
        "item": {
          "items": ["minecraft:wheat"]
        },
        "entity": [
          {
            "condition": "minecraft:entity_properties",
            "entity": "this",
            "predicate": {
              "type": "minecraft:llama"
            }
          }
        ]
      }
    },
    "hay_block": {
      "trigger": "minecraft:player_interacted_with_entity",
      "conditions": {
        "item": {
          "items": ["minecraft:hay_block"]
        },
        "entity": [
          {
            "condition": "minecraft:entity_properties",
            "entity": "this",
            "predicate": {
              "type": "minecraft:llama"
            }
          }
        ]
      }
    }
  },
  "requirements": [
    [
      "wheat",
      "hay_block"
    ]
  ],
  "rewards": {
    "function": "vnla_prt:interactions/fed_mob"
  }
}