{
  "parent": "vnla_prt:technical/feeding_root",
  "criteria": {
    "apple": {
      "trigger": "minecraft:player_interacted_with_entity",
      "conditions": {
        "item": {
          "items": ["minecraft:apple"]
        },
        "entity": [
          {
            "condition": "minecraft:entity_properties",
            "entity": "this",
            "predicate": {
              "type": "minecraft:mule"
            }
          }
        ]
      }
    },
    "golden_apple": {
      "trigger": "minecraft:player_interacted_with_entity",
      "conditions": {
        "item": {
          "items": ["minecraft:golden_apple"]
        },
        "entity": [
          {
            "condition": "minecraft:entity_properties",
            "entity": "this",
            "predicate": {
              "type": "minecraft:mule"
            }
          }
        ]
      }
    },
    "enchanted_golden_apple": {
      "trigger": "minecraft:player_interacted_with_entity",
      "conditions": {
        "item": {
          "items": ["minecraft:enchanted_golden_apple"]
        },
        "entity": [
          {
            "condition": "minecraft:entity_properties",
            "entity": "this",
            "predicate": {
              "type": "minecraft:mule"
            }
          }
        ]
      }
    },
    "sugar": {
      "trigger": "minecraft:player_interacted_with_entity",
      "conditions": {
        "item": {
          "items": ["minecraft:sugar"]
        },
        "entity": [
          {
            "condition": "minecraft:entity_properties",
            "entity": "this",
            "predicate": {
              "type": "minecraft:mule"
            }
          }
        ]
      }
    },
    "wheat": {
      "trigger": "minecraft:player_interacted_with_entity",
      "conditions": {
        "item": {
          "items": ["minecraft:wheat"]
        },
        "entity": [
          {
            "condition": "minecraft:entity_properties",
            "entity": "this",
            "predicate": {
              "type": "minecraft:mule"
            }
          }
        ]
      }
    },
    "hay_block": {
      "trigger": "minecraft:player_interacted_with_entity",
      "conditions": {
        "item": {
          "items": ["minecraft:hay_block"]
        },
        "entity": [
          {
            "condition": "minecraft:entity_properties",
            "entity": "this",
            "predicate": {
              "type": "minecraft:mule"
            }
          }
        ]
      }
    },
    "golden_carrot": {
      "trigger": "minecraft:player_interacted_with_entity",
      "conditions": {
        "item": {
          "items": ["minecraft:golden_carrot"]
        },
        "entity": [
          {
            "condition": "minecraft:entity_properties",
            "entity": "this",
            "predicate": {
              "type": "minecraft:mule"
            }
          }
        ]
      }
    }
  },
  "requirements": [
    [
      "hay_block",
      "wheat",
      "sugar",
      "enchanted_golden_apple",
      "apple",
      "golden_apple",
      "golden_carrot"
    ]
  ],
  "rewards": {
    "function": "vnla_prt:interactions/fed_mob"
  }
}