{
  "criteria": {
    "carrot": {
      "trigger": "minecraft:player_interacted_with_entity",
      "conditions": {
        "item": {
          "items": ["minecraft:carrot"]
        },
        "entity": [
          {
            "condition": "minecraft:entity_properties",
            "entity": "this",
            "predicate": {
              "type": "minecraft:pig"
            }
          }
        ]
      }
    },
    "potato": {
      "trigger": "minecraft:player_interacted_with_entity",
      "conditions": {
        "item": {
          "items": ["minecraft:potato"]
        },
        "entity": [
          {
            "condition": "minecraft:entity_properties",
            "entity": "this",
            "predicate": {
              "type": "minecraft:pig"
            }
          }
        ]
      }
    },
    "beetroot": {
      "trigger": "minecraft:player_interacted_with_entity",
      "conditions": {
        "item": {
          "items": ["minecraft:beetroot"]
        },
        "entity": [
          {
            "condition": "minecraft:entity_properties",
            "entity": "this",
            "predicate": {
              "type": "minecraft:pig"
            }
          }
        ]
      }
    }
  },
  "requirements": [
    [
      "beetroot",
      "potato",
      "carrot"
    ]
  ],
  "rewards": {
    "function": "vnla_prt:interactions/fed_mob"
  },
  "parent": "vnla_prt:technical/feeding_root"
}