{
  "parent": "vnla_prt:technical/feeding_root",
  "criteria": {
    "bone": {
      "trigger": "minecraft:player_interacted_with_entity",
      "conditions": {
        "item": {
          "items": ["minecraft:bone"]
        },
        "entity": [
          {
            "condition": "minecraft:entity_properties",
            "entity": "this",
            "predicate": {
              "type": "minecraft:wolf"
            }
          },
          {
            "condition": "minecraft:inverted",
            "term": {
              "condition": "minecraft:entity_properties",
              "entity": "this",
              "predicate": {
                "nbt": "{Tags:[\"vp.tamed\"]}"
              }
            }
          }
        ]
      }
    },
    "beef": {
      "trigger": "minecraft:player_interacted_with_entity",
      "conditions": {
        "item": {
          "items": ["minecraft:beef"]
        },
        "entity": [
          {
            "condition": "minecraft:entity_properties",
            "entity": "this",
            "predicate": {
              "type": "minecraft:wolf"
            }
          },
          {
            "condition": "minecraft:alternative",
            "terms": [
              {
                "condition": "minecraft:inverted",
                "term": {
                  "condition": "minecraft:entity_properties",
                  "entity": "this",
                  "predicate": {
                    "nbt": "{Health:20.0f}"
                  }
                }
              },
              {
                "condition": "minecraft:entity_properties",
                "entity": "this",
                "predicate": {
                  "nbt": "{InLove:0}"
                }
              }
            ]
          }
        ]
      }
    },
    "chicken": {
      "trigger": "minecraft:player_interacted_with_entity",
      "conditions": {
        "item": {
          "items": ["minecraft:chicken"]
        },
        "entity": [
          {
            "condition": "minecraft:entity_properties",
            "entity": "this",
            "predicate": {
              "type": "minecraft:wolf"
            }
          },
          {
            "condition": "minecraft:alternative",
            "terms": [
              {
                "condition": "minecraft:inverted",
                "term": {
                  "condition": "minecraft:entity_properties",
                  "entity": "this",
                  "predicate": {
                    "nbt": "{Health:20.0f}"
                  }
                }
              },
              {
                "condition": "minecraft:entity_properties",
                "entity": "this",
                "predicate": {
                  "nbt": "{InLove:0}"
                }
              }
            ]
          }
        ]
      }
    },
    "porkchop": {
      "trigger": "minecraft:player_interacted_with_entity",
      "conditions": {
        "item": {
          "items": ["minecraft:porkchop"]
        },
        "entity": [
          {
            "condition": "minecraft:entity_properties",
            "entity": "this",
            "predicate": {
              "type": "minecraft:wolf"
            }
          },
          {
            "condition": "minecraft:alternative",
            "terms": [
              {
                "condition": "minecraft:inverted",
                "term": {
                  "condition": "minecraft:entity_properties",
                  "entity": "this",
                  "predicate": {
                    "nbt": "{Health:20.0f}"
                  }
                }
              },
              {
                "condition": "minecraft:entity_properties",
                "entity": "this",
                "predicate": {
                  "nbt": "{InLove:0}"
                }
              }
            ]
          }
        ]
      }
    },
    "mutton": {
      "trigger": "minecraft:player_interacted_with_entity",
      "conditions": {
        "item": {
          "items": ["minecraft:mutton"]
        },
        "entity": [
          {
            "condition": "minecraft:entity_properties",
            "entity": "this",
            "predicate": {
              "type": "minecraft:wolf"
            }
          },
          {
            "condition": "minecraft:alternative",
            "terms": [
              {
                "condition": "minecraft:inverted",
                "term": {
                  "condition": "minecraft:entity_properties",
                  "entity": "this",
                  "predicate": {
                    "nbt": "{Health:20.0f}"
                  }
                }
              },
              {
                "condition": "minecraft:entity_properties",
                "entity": "this",
                "predicate": {
                  "nbt": "{InLove:0}"
                }
              }
            ]
          }
        ]
      }
    },
    "rabbit": {
      "trigger": "minecraft:player_interacted_with_entity",
      "conditions": {
        "item": {
          "items": ["minecraft:rabbit"]
        },
        "entity": [
          {
            "condition": "minecraft:entity_properties",
            "entity": "this",
            "predicate": {
              "type": "minecraft:wolf"
            }
          },
          {
            "condition": "minecraft:alternative",
            "terms": [
              {
                "condition": "minecraft:inverted",
                "term": {
                  "condition": "minecraft:entity_properties",
                  "entity": "this",
                  "predicate": {
                    "nbt": "{Health:20.0f}"
                  }
                }
              },
              {
                "condition": "minecraft:entity_properties",
                "entity": "this",
                "predicate": {
                  "nbt": "{InLove:0}"
                }
              }
            ]
          }
        ]
      }
    },
    "rotten_flesh": {
      "trigger": "minecraft:player_interacted_with_entity",
      "conditions": {
        "item": {
          "items": ["minecraft:rotten_flesh"]
        },
        "entity": [
          {
            "condition": "minecraft:entity_properties",
            "entity": "this",
            "predicate": {
              "type": "minecraft:wolf"
            }
          },
          {
            "condition": "minecraft:alternative",
            "terms": [
              {
                "condition": "minecraft:inverted",
                "term": {
                  "condition": "minecraft:entity_properties",
                  "entity": "this",
                  "predicate": {
                    "nbt": "{Health:20.0f}"
                  }
                }
              },
              {
                "condition": "minecraft:entity_properties",
                "entity": "this",
                "predicate": {
                  "nbt": "{InLove:0}"
                }
              }
            ]
          }
        ]
      }
    },
    "cooked_beef": {
      "trigger": "minecraft:player_interacted_with_entity",
      "conditions": {
        "item": {
          "items": ["minecraft:cooked_beef"]
        },
        "entity": [
          {
            "condition": "minecraft:entity_properties",
            "entity": "this",
            "predicate": {
              "type": "minecraft:wolf"
            }
          },
          {
            "condition": "minecraft:alternative",
            "terms": [
              {
                "condition": "minecraft:inverted",
                "term": {
                  "condition": "minecraft:entity_properties",
                  "entity": "this",
                  "predicate": {
                    "nbt": "{Health:20.0f}"
                  }
                }
              },
              {
                "condition": "minecraft:entity_properties",
                "entity": "this",
                "predicate": {
                  "nbt": "{InLove:0}"
                }
              }
            ]
          }
        ]
      }
    },
    "cooked_chicken": {
      "trigger": "minecraft:player_interacted_with_entity",
      "conditions": {
        "item": {
          "items": ["minecraft:cooked_chicken"]
        },
        "entity": [
          {
            "condition": "minecraft:entity_properties",
            "entity": "this",
            "predicate": {
              "type": "minecraft:wolf"
            }
          },
          {
            "condition": "minecraft:alternative",
            "terms": [
              {
                "condition": "minecraft:inverted",
                "term": {
                  "condition": "minecraft:entity_properties",
                  "entity": "this",
                  "predicate": {
                    "nbt": "{Health:20.0f}"
                  }
                }
              },
              {
                "condition": "minecraft:entity_properties",
                "entity": "this",
                "predicate": {
                  "nbt": "{InLove:0}"
                }
              }
            ]
          }
        ]
      }
    },
    "cooked_porkchop": {
      "trigger": "minecraft:player_interacted_with_entity",
      "conditions": {
        "item": {
          "items": ["minecraft:cooked_porkchop"]
        },
        "entity": [
          {
            "condition": "minecraft:entity_properties",
            "entity": "this",
            "predicate": {
              "type": "minecraft:wolf"
            }
          },
          {
            "condition": "minecraft:alternative",
            "terms": [
              {
                "condition": "minecraft:inverted",
                "term": {
                  "condition": "minecraft:entity_properties",
                  "entity": "this",
                  "predicate": {
                    "nbt": "{Health:20.0f}"
                  }
                }
              },
              {
                "condition": "minecraft:entity_properties",
                "entity": "this",
                "predicate": {
                  "nbt": "{InLove:0}"
                }
              }
            ]
          }
        ]
      }
    },
    "cooked_mutton": {
      "trigger": "minecraft:player_interacted_with_entity",
      "conditions": {
        "item": {
          "items": ["minecraft:cooked_mutton"]
        },
        "entity": [
          {
            "condition": "minecraft:entity_properties",
            "entity": "this",
            "predicate": {
              "type": "minecraft:wolf"
            }
          },
          {
            "condition": "minecraft:alternative",
            "terms": [
              {
                "condition": "minecraft:inverted",
                "term": {
                  "condition": "minecraft:entity_properties",
                  "entity": "this",
                  "predicate": {
                    "nbt": "{Health:20.0f}"
                  }
                }
              },
              {
                "condition": "minecraft:entity_properties",
                "entity": "this",
                "predicate": {
                  "nbt": "{InLove:0}"
                }
              }
            ]
          }
        ]
      }
    },
    "cooked_rabbit": {
      "trigger": "minecraft:player_interacted_with_entity",
      "conditions": {
        "item": {
          "items": ["minecraft:cooked_rabbit"]
        },
        "entity": [
          {
            "condition": "minecraft:entity_properties",
            "entity": "this",
            "predicate": {
              "type": "minecraft:wolf"
            }
          },
          {
            "condition": "minecraft:alternative",
            "terms": [
              {
                "condition": "minecraft:inverted",
                "term": {
                  "condition": "minecraft:entity_properties",
                  "entity": "this",
                  "predicate": {
                    "nbt": "{Health:20.0f}"
                  }
                }
              },
              {
                "condition": "minecraft:entity_properties",
                "entity": "this",
                "predicate": {
                  "nbt": "{InLove:0}"
                }
              }
            ]
          }
        ]
      }
    }
  },
  "requirements": [
    [
      "beef",
      "chicken",
      "porkchop",
      "mutton",
      "rabbit",
      "rotten_flesh",
      "cooked_beef",
      "cooked_chicken",
      "cooked_porkchop",
      "cooked_mutton",
      "cooked_rabbit",
      "bone"
    ]
  ],
  "rewards": {
    "function": "vnla_prt:interactions/fed_mob"
  }
}