{
  "display": {
    "icon": {
      "item": "minecraft:filled_map",
      "nbt": "{display:{MapColor:6773423}}"
    },
    "title": "Atlantis?",
    "description": "Find an underwater ruin",
    "frame": "task",
    "show_toast": true,
    "announce_to_chat": true,
    "hidden": false
  },
  "parent": "minecraft:adventure/root",
  "criteria": {
    "ocean_ruin": {
      "trigger": "minecraft:location",
      "conditions": {
        "location": {
          "feature": "ocean_ruin"
        }
      }
    }
  }
}