{
  "display": {
    "icon": {
      "item": "minecraft:dried_kelp"
    },
    "title": "Castaway",
    "description": "Eat nothing but dried kelp for 3 in-game days",
    "frame": "challenge",
    "show_toast": true,
    "announce_to_chat": true,
    "hidden": false
  },
  "parent": "vnla_prt:bedrock/alternative_fuel",
  "criteria": {
    "castaway": {
      "trigger": "minecraft:location",
      "conditions": {
        "player": [
          {
            "condition": "minecraft:entity_scores",
            "entity": "this",
            "scores": {
              "vp.castaway": {
                "min": 3600,
                "max": 3700
              }
            }
          }
        ]
      }
    }
  },
  "rewards": {
    "experience": 100
  }
}