{
  "display": {
    "icon": {
      "item": "minecraft:trident"
    },
    "title": "Do a Barrel Roll!",
    "description": "Use Riptide to give yourself a boost"
  },
  "parent": "minecraft:adventure/throw_trident",
  "criteria": {
    "requirement": {
      "trigger": "minecraft:item_durability_changed",
      "conditions": {
        "delta": {
          "min": -1,
          "max": 1
        },
        "item": {
          "items": ["minecraft:trident"],
          "enchantments": [
            {
              "enchantment": "minecraft:riptide"
            }
          ]
        }
      }
    }
  }
}