{
  "display": {
    "icon": {
      "item": "minecraft:salmon"
    },
    "title": "Echolocation",
    "description": "Feed a dolphin fish to have it lead you to treasure",
    "frame": "task",
    "show_toast": true,
    "announce_to_chat": true,
    "hidden": false
  },
  "parent": "minecraft:adventure/root",
  "criteria": {
    "shipwreck": {
      "trigger": "minecraft:location",
      "conditions": {
        "player": [
          {
            "condition": "minecraft:entity_properties",
            "entity": "this",
            "predicate": {
              "player": {
                "advancements": {
                  "vnla_prt:technical/echolocation_start": true
                }
              }
            }
          }
        ],
        "location": {
          "feature": "shipwreck"
        }
      }
    },
    "ocean_ruin": {
      "trigger": "minecraft:location",
      "conditions": {
        "player": [
          {
            "condition": "minecraft:entity_properties",
            "entity": "this",
            "predicate": {
              "player": {
                "advancements": {
                  "vnla_prt:technical/echolocation_start": true
                }
              }
            }
          }
        ],
        "location": {
          "feature": "ocean_ruin"
        }
      }
    },
    "buried_treasure": {
      "trigger": "minecraft:player_generates_container_loot",
      "conditions": {
        "player": [
          {
            "condition": "minecraft:entity_properties",
            "entity": "this",
            "predicate": {
              "player": {
                "advancements": {
                  "vnla_prt:technical/echolocation_start": true
                }
              }
            }
          }
        ],
        "loot_table": "minecraft:chests/buried_treasure"
      }
    }
  },
  "requirements": [
    [
      "buried_treasure",
      "ocean_ruin",
      "shipwreck"
    ]
  ]
}