{
  "display": {
    "icon": {
      "item": "minecraft:mojang_banner_pattern"
    },
    "title": "Fruit on the Loom",
    "description": "Make a pattern using an Enchanted Golden Apple Stencil",
    "frame": "task",
    "show_toast": true,
    "announce_to_chat": true,
    "hidden": false
  },
  "parent": "vnla_prt:legacy/overpowered",
  "criteria": {
    "mojang_pattern": {
      "trigger": "minecraft:inventory_changed",
      "conditions": {
        "items": [
          {
            "tag": "minecraft:banners",
            "nbt": "{BlockEntityTag:{Patterns:[{Pattern:\"moj\"}]}}"
          }
        ]
      }
    }
  }
}