{
  "display": {
    "icon": {
      "item": "minecraft:conduit"
    },
    "title": "Moskstraumen",
    "description": "Activate a Conduit",
    "frame": "goal",
    "show_toast": true,
    "announce_to_chat": true,
    "hidden": false
  },
  "parent": "vnla_prt:bedrock/me_gold",
  "criteria": {
    "conduit_power": {
      "trigger": "minecraft:effects_changed",
      "conditions": {
        "effects": {
          "minecraft:conduit_power": {
            "amplifier": {},
            "duration": {}
          }
        }
      }
    }
  }
}