{
  "display": {
    "icon": {
      "item": "minecraft:sea_pickle"
    },
    "title": "Pickles on the Sea Floor",
    "description": "Place four Sea Pickles in a group",
    "show_toast": true,
    "announce_to_chat": true,
    "hidden": false
  },
  "parent": "vnla_prt:bedrock/ahoy",
  "criteria": {
    "four_pickles": {
      "trigger": "minecraft:placed_block",
      "conditions": {
        "blocks": ["minecraft:sea_pickle"],
        "state": {
          "pickles": "4"
        }
      }
    }
  }
}