{
  "display": {
    "icon": {
      "item": "minecraft:oak_boat"
    },
    "title": "Sail the 7 Seas",
    "description": "Visit all ocean biomes",
    "frame": "challenge",
    "show_toast": true,
    "announce_to_chat": true,
    "hidden": false
  },
  "parent": "vnla_prt:bedrock/ahoy",
  "criteria": {
    "ocean": {
      "trigger": "minecraft:location",
      "conditions": {
        "location": {
          "biome": "minecraft:ocean"
        }
      }
    },
    "deep_ocean": {
      "trigger": "minecraft:location",
      "conditions": {
        "location": {
          "biome": "minecraft:deep_ocean"
        }
      }
    },
    "cold_ocean": {
      "trigger": "minecraft:location",
      "conditions": {
        "location": {
          "biome": "minecraft:cold_ocean"
        }
      }
    },
    "deep_cold_ocean": {
      "trigger": "minecraft:location",
      "conditions": {
        "location": {
          "biome": "minecraft:deep_cold_ocean"
        }
      }
    },
    "lukewarm_ocean": {
      "trigger": "minecraft:location",
      "conditions": {
        "location": {
          "biome": "minecraft:lukewarm_ocean"
        }
      }
    },
    "deep_lukewarm_ocean": {
      "trigger": "minecraft:location",
      "conditions": {
        "location": {
          "biome": "minecraft:lukewarm_ocean"
        }
      }
    },
    "warm_ocean": {
      "trigger": "minecraft:location",
      "conditions": {
        "location": {
          "biome": "minecraft:warm_ocean"
        }
      }
    },
    "frozen_ocean": {
      "trigger": "minecraft:location",
      "conditions": {
        "location": {
          "biome": "minecraft:frozen_ocean"
        }
      }
    },
    "deep_frozen_ocean": {
      "trigger": "minecraft:location",
      "conditions": {
        "location": {
          "biome": "minecraft:deep_frozen_ocean"
        }
      }
    }
  },
  "requirements": [
    [
      "deep_frozen_ocean"
    ],
    [
      "frozen_ocean"
    ],
    [
      "warm_ocean"
    ],
    [
      "deep_lukewarm_ocean"
    ],
    [
      "lukewarm_ocean"
    ],
    [
      "deep_cold_ocean"
    ],
    [
      "cold_ocean"
    ],
    [
      "deep_ocean"
    ],
    [
      "ocean"
    ]
  ],
  "rewards": {
    "experience": 75
  }
}