{
  "display": {
    "icon": {
      "item": "minecraft:crafting_table"
    },
    "title": "Benchmarking",
    "description": "Craft a workbench with four blocks of wooden planks.",
    "frame": "task",
    "show_toast": true,
    "announce_to_chat": true
  },
  "parent": "vnla_prt:legacy/getting_wood",
  "criteria": {
    "crafting_table": {
      "trigger": "minecraft:inventory_changed",
      "conditions": {
        "items": [
          {
            "items": ["minecraft:crafting_table"]
          }
        ]
      }
    }
  }
}