{
  "parent": "minecraft:recipes/root",
  "criteria": {
    "has_the_recipe": {
      "trigger": "minecraft:recipe_unlocked",
      "conditions": {
        "recipe": "vnla_prt:string"
      }
    },
    "string": {
      "trigger": "minecraft:inventory_changed",
      "conditions": {
        "items": [
          {
            "items": ["minecraft:cobweb"]
          }
        ]
      }
    }
  },
  "requirements": [
    [
      "has_the_recipe",
      "string"
    ]
  ],
  "rewards": {
    "recipes": [
      "vnla_prt:string"
    ]
  }
}