[
  {
    "condition": "minecraft:entity_properties",
    "entity": "this",
    "predicate": {
      "location": {
        "biome": "minecraft:deep_frozen_ocean"
      },
      "equipment": {
        "feet": {
          "enchantments": [
            {
              "enchantment": "minecraft:frost_walker",
              "levels": {
                "min": 1
              }
            }
          ]
        }
      }
    }
  },
  {
    "condition": "minecraft:entity_properties",
    "entity": "this",
    "predicate": {
      "location": {
        "biome": "minecraft:deep_lukewarm_ocean"
      },
      "equipment": {
        "feet": {
          "enchantments": [
            {
              "enchantment": "minecraft:frost_walker",
              "levels": {
                "min": 1
              }
            }
          ]
        }
      }
    }
  },
  {
    "condition": "minecraft:entity_properties",
    "entity": "this",
    "predicate": {
      "location": {
        "biome": "minecraft:deep_cold_ocean"
      },
      "equipment": {
        "feet": {
          "enchantments": [
            {
              "enchantment": "minecraft:frost_walker",
              "levels": {
                "min": 1
              }
            }
          ]
        }
      }
    }
  },
  {
    "condition": "minecraft:entity_properties",
    "entity": "this",
    "predicate": {
      "location": {
        "biome": "minecraft:deep_ocean"
      },
      "equipment": {
        "feet": {
          "enchantments": [
            {
              "enchantment": "minecraft:frost_walker",
              "levels": {
                "min": 1
              }
            }
          ]
        }
      }
    }
  }
]