{
  "criteria": {
    "rabbit_foot": {
      "trigger": "minecraft:inventory_changed",
      "conditions": {
        "player": [
          {
            "condition": "minecraft:time_check",
            "value": {
              "min": 0,
              "max": 240
            },
            "period": 24000
          }
        ],
        "items": [
          {
            "items": ["minecraft:rabbit_foot"]
          }
        ]
      }
    },
    "string": {
      "trigger": "minecraft:inventory_changed",
      "conditions": {
        "player": [
          {
            "condition": "minecraft:time_check",
            "value": {
              "min": 0,
              "max": 240
            },
            "period": 24000
          }
        ],
        "items": [
          {
            "items": ["minecraft:string"]
          }
        ]
      }
    },
    "rabbit_hide": {
      "trigger": "minecraft:inventory_changed",
      "conditions": {
        "player": [
          {
            "condition": "minecraft:time_check",
            "value": {
              "min": 0,
              "max": 240
            },
            "period": 24000
          }
        ],
        "items": [
          {
            "items": ["minecraft:rabbit_hide"]
          }
        ]
      }
    },
    "rotten_flesh": {
      "trigger": "minecraft:inventory_changed",
      "conditions": {
        "player": [
          {
            "condition": "minecraft:time_check",
            "value": {
              "min": 0,
              "max": 240
            },
            "period": 24000
          }
        ],
        "items": [
          {
            "items": ["minecraft:rotten_flesh"]
          }
        ]
      }
    },
    "feather": {
      "trigger": "minecraft:inventory_changed",
      "conditions": {
        "player": [
          {
            "condition": "minecraft:time_check",
            "value": {
              "min": 0,
              "max": 240
            },
            "period": 24000
          }
        ],
        "items": [
          {
            "items": ["minecraft:feather"]
          }
        ]
      }
    },
    "chicken": {
      "trigger": "minecraft:inventory_changed",
      "conditions": {
        "player": [
          {
            "condition": "minecraft:time_check",
            "value": {
              "min": 0,
              "max": 240
            },
            "period": 24000
          }
        ],
        "items": [
          {
            "items": ["minecraft:chicken"]
          }
        ]
      }
    },
    "phantom_membrane": {
      "trigger": "minecraft:inventory_changed",
      "conditions": {
        "player": [
          {
            "condition": "minecraft:time_check",
            "value": {
              "min": 0,
              "max": 240
            },
            "period": 24000
          }
        ],
        "items": [
          {
            "items": ["minecraft:phantom_membrane"]
          }
        ]
      }
    }
  },
  "requirements": [
    [
      "phantom_membrane",
      "chicken",
      "feather",
      "rotten_flesh",
      "string",
      "rabbit_hide",
      "rabbit_foot"
    ]
  ],
  "rewards": {
    "function": "vnla_prt:advancements/cat_gift_check"
  }
}