{
  "criteria": {
    "requirement": {
      "trigger": "minecraft:location",
      "conditions": {
        "player": [
          {
            "condition": "minecraft:entity_properties",
            "entity": "this",
            "predicate": {
              "nbt": "{Motion:[0.0d,0.0d,0.0d]}",
              "location": {},
              "flags": {
                "is_on_fire": true
              }
            }
          }
        ],
        "location": {
          "block": {
            "block": "minecraft:campfire",
            "state": {
              "lit": "false",
              "waterlogged": "false"
            }
          }
        }
      }
    }
  },
  "rewards": {
    "function": "vnla_prt:interactions/light_campfire_while_on_fire"
  }
}