{
  "criteria": {
    "netherite_axe": {
      "trigger": "minecraft:inventory_changed",
      "conditions": {
        "items": [
          {
            "items": ["minecraft:netherite_axe"]
          }
        ]
      }
    },
    "netherite_hoe": {
      "trigger": "minecraft:inventory_changed",
      "conditions": {
        "items": [
          {
            "items": ["minecraft:netherite_hoe"]
          }
        ]
      }
    },
    "netherite_pickaxe": {
      "trigger": "minecraft:inventory_changed",
      "conditions": {
        "items": [
          {
            "items": ["minecraft:netherite_pickaxe"]
          }
        ]
      }
    },
    "netherite_shovel": {
      "trigger": "minecraft:inventory_changed",
      "conditions": {
        "items": [
          {
            "items": ["minecraft:netherite_shovel"]
          }
        ]
      }
    }
  },
  "requirements": [
    [
      "netherite_shovel"
    ],
    [
      "netherite_pickaxe"
    ],
    [
      "netherite_hoe"
    ],
    [
      "netherite_axe"
    ]
  ]
}