{
  "criteria": {
    "diamond_axe": {
      "trigger": "minecraft:inventory_changed",
      "conditions": {
        "items": [
          {
            "items": ["minecraft:diamond_axe"]
          }
        ]
      }
    },
    "diamond_hoe": {
      "trigger": "minecraft:inventory_changed",
      "conditions": {
        "items": [
          {
            "items": ["minecraft:diamond_hoe"]
          }
        ]
      }
    },
    "diamond_pickaxe": {
      "trigger": "minecraft:inventory_changed",
      "conditions": {
        "items": [
          {
            "items": ["minecraft:diamond_pickaxe"]
          }
        ]
      }
    },
    "diamond_shovel": {
      "trigger": "minecraft:inventory_changed",
      "conditions": {
        "items": [
          {
            "items": ["minecraft:diamond_shovel"]
          }
        ]
      }
    }
  },
  "requirements": [
    [
      "diamond_shovel"
    ],
    [
      "diamond_pickaxe"
    ],
    [
      "diamond_hoe"
    ],
    [
      "diamond_axe"
    ]
  ]
}