{
  "display": {
    "icon": {
      "item": "minecraft:player_head",
      "nbt": "{SkullOwner:{Id:[I;338825254,-1207875601,-1991448209,1955652830],Properties:{textures:[{Value:\"eyJ0ZXh0dXJlcyI6eyJTS0lOIjp7InVybCI6Imh0dHA6Ly90ZXh0dXJlcy5taW5lY3JhZnQubmV0L3RleHR1cmUvZWUyODBjZWZlOTQ2OTExZWE5MGU4N2RlZDFiM2UxODMzMGM2M2EyM2FmNTEyOWRmY2ZlOWE4ZTE2NjU4ODA0MSJ9fX0=\"}]}}}"
    },
    "title": {
      "translate": "advancements.nether.summon_wither.title"
    },
    "description": {
      "translate": "advancements.nether.summon_wither.description"
    },
    "frame": "task",
    "show_toast": true,
    "announce_to_chat": true,
    "hidden": false
  },
  "parent": "minecraft:nether/get_wither_skull",
  "criteria": {
    "summoned": {
      "trigger": "minecraft:summoned_entity",
      "conditions": {
        "entity": [
          {
            "condition": "minecraft:entity_properties",
            "entity": "this",
            "predicate": {
              "type": "minecraft:wither"
            }
          }
        ]
      }
    }
  },
  "requirements": [
    [
      "summoned"
    ]
  ]
}