{
  "display": {
    "icon": {
      "item": "minecraft:golden_carrot"
    },
    "title": "Artificial Selection",
    "description": "Breed a mule from a horse and a donkey"
  },
  "parent": "vnla_prt:legacy/saddle_up",
  "criteria": {
    "breed_mule": {
      "trigger": "minecraft:bred_animals",
      "conditions": {
        "child": [
          {
            "condition": "minecraft:entity_properties",
            "entity": "this",
            "predicate": {
              "type": "minecraft:mule"
            }
          }
        ]
      }
    }
  }
}