{
  "display": {
    "icon": {
      "item": "minecraft:zombie_head"
    },
    "title": "Camouflage",
    "description": "Kill a mob while wearing the same type of mob head",
    "frame": "challenge",
    "show_toast": true,
    "announce_to_chat": true,
    "hidden": true
  },
  "parent": "minecraft:adventure/kill_a_mob",
  "criteria": {
    "zombie": {
      "trigger": "minecraft:player_killed_entity",
      "conditions": {
        "player": [
          {
            "condition": "minecraft:entity_properties",
            "entity": "this",
            "predicate": {
              "equipment": {
                "head": {
                  "items": ["minecraft:zombie_head"]
                }
              }
            }
          }
        ],
        "entity": [
          {
            "condition": "minecraft:entity_properties",
            "entity": "this",
            "predicate": {
              "type": "minecraft:zombie"
            }
          }
        ]
      }
    },
    "skeleton": {
      "trigger": "minecraft:player_killed_entity",
      "conditions": {
        "player": [
          {
            "condition": "minecraft:entity_properties",
            "entity": "this",
            "predicate": {
              "equipment": {
                "head": {
                  "items": ["minecraft:skeleton_skull"]
                }
              }
            }
          }
        ],
        "entity": [
          {
            "condition": "minecraft:entity_properties",
            "entity": "this",
            "predicate": {
              "type": "minecraft:skeleton"
            }
          }
        ]
      }
    },
    "wither_skeleton": {
      "trigger": "minecraft:player_killed_entity",
      "conditions": {
        "player": [
          {
            "condition": "minecraft:entity_properties",
            "entity": "this",
            "predicate": {
              "equipment": {
                "head": {
                  "items": ["minecraft:wither_skeleton_skull"]
                }
              }
            }
          }
        ],
        "entity": [
          {
            "condition": "minecraft:entity_properties",
            "entity": "this",
            "predicate": {
              "type": "minecraft:wither_skeleton"
            }
          }
        ]
      }
    },
    "creeper": {
      "trigger": "minecraft:player_killed_entity",
      "conditions": {
        "player": [
          {
            "condition": "minecraft:entity_properties",
            "entity": "this",
            "predicate": {
              "equipment": {
                "head": {
                  "items": ["minecraft:creeper_head"]
                }
              }
            }
          }
        ],
        "entity": [
          {
            "condition": "minecraft:entity_properties",
            "entity": "this",
            "predicate": {
              "type": "minecraft:creeper"
            }
          }
        ]
      }
    },
    "ender_dragon": {
      "trigger": "minecraft:player_killed_entity",
      "conditions": {
        "player": [
          {
            "condition": "minecraft:entity_properties",
            "entity": "this",
            "predicate": {
              "equipment": {
                "head": {
                  "items": ["minecraft:dragon_head"]
                }
              }
            }
          }
        ],
        "entity": [
          {
            "condition": "minecraft:entity_properties",
            "entity": "this",
            "predicate": {
              "type": "minecraft:ender_dragon"
            }
          }
        ]
      }
    }
  },
  "requirements": [
    [
      "ender_dragon",
      "creeper",
      "wither_skeleton",
      "skeleton",
      "zombie"
    ]
  ]
}