{
  "display": {
    "icon": {
      "item": "minecraft:dispenser"
    },
    "title": "Dispense with This",
    "description": "Construct a Dispencer",
    "frame": "task",
    "show_toast": true,
    "announce_to_chat": true,
    "hidden": false
  },
  "parent": "minecraft:story/root",
  "criteria": {
    "dispencer": {
      "trigger": "minecraft:inventory_changed",
      "conditions": {
        "items": [
          {
            "items": ["minecraft:dispenser"]
          }
        ]
      }
    }
  }
}