{
  "display": {
    "icon": {
      "item": "minecraft:cod"
    },
    "title": "Free Diver",
    "description": "Stay Underwater for 2 minutes",
    "frame": "task",
    "show_toast": true,
    "announce_to_chat": true,
    "hidden": false
  },
  "parent": "minecraft:nether/brew_potion",
  "criteria": {
    "inWater_score": {
      "trigger": "minecraft:location",
      "conditions": {
        "player": [
          {
            "condition": "minecraft:entity_scores",
            "entity": "this",
            "scores": {
              "vp.inWater": {
                "min": 120
              }
            }
          }
        ]
      }
    }
  }
}