{
  "display": {
    "icon": {
      "item": "minecraft:furnace"
    },
    "title": "Hot Topic",
    "description": "Construct a furnace out of eight cobblestone blocks",
    "frame": "task",
    "show_toast": true,
    "announce_to_chat": true
  },
  "parent": "minecraft:story/upgrade_tools",
  "criteria": {
    "furnace": {
      "trigger": "minecraft:inventory_changed",
      "conditions": {
        "items": [
          {
            "items": ["minecraft:furnace"]
          }
        ]
      }
    }
  }
}