{
  "display": {
    "icon": {
      "item": "minecraft:bone"
    },
    "title": "Leader of the Pack",
    "description": "Befriend five wolves",
    "show_toast": true,
    "announce_to_chat": true,
    "hidden": false
  },
  "parent": "minecraft:husbandry/tame_an_animal",
  "criteria": {
    "five_wolves": {
      "trigger": "minecraft:location",
      "conditions": {
        "player": [
          {
            "condition": "minecraft:entity_scores",
            "entity": "this",
            "scores": {
              "vp.tameWolf": {
                "min": 5
              }
            }
          }
        ]
      }
    }
  }
}