{
  "display": {
    "icon": {
      "item": "minecraft:bookshelf"
    },
    "title": "Librarian",
    "description": "Build some bookshelves to improve your enchanting table",
    "frame": "task",
    "show_toast": true,
    "announce_to_chat": true,
    "hidden": false
  },
  "parent": "minecraft:story/enchant_item",
  "criteria": {
    "place_bookshelf": {
      "trigger": "minecraft:placed_block",
      "conditions": {
        "player": [
          {
            "condition": "minecraft:entity_properties",
            "entity": "this",
            "predicate": {
              "player": {
                "advancements": {
                  "vnla_prt:technical/enchanting_table": true
                }
              }
            }
          }
        ],
        "blocks": ["minecraft:bookshelf"]
      }
    }
  }
}