{
  "display": {
    "icon": {
      "item": "minecraft:jukebox"
    },
    "title": "Music to My Ears",
    "description": "Play a music disc in a Jukebox",
    "frame": "task",
    "show_toast": true,
    "announce_to_chat": true,
    "hidden": false
  },
  "parent": "vnla_prt:legacy/archer",
  "criteria": {
    "play_music_disc": {
      "trigger": "minecraft:item_used_on_block",
      "conditions": {
        "item": {
          "tag": "minecraft:music_discs"
        },
        "location": {
          "block": {
            "blocks": ["minecraft:jukebox"]
          }
        }
      }
    }
  }
}