{
  "display": {
    "icon": {
      "item": "minecraft:diamond_sword"
    },
    "title": "Overkill",
    "description": "Deal nine hearts of damage in a single hit",
    "frame": "challenge",
    "show_toast": true,
    "announce_to_chat": true
  },
  "parent": "minecraft:story/enchant_item",
  "criteria": {
    "overkill": {
      "trigger": "minecraft:player_hurt_entity",
      "conditions": {
        "damage": {
          "dealt": {
            "min": 18
          }
        }
      }
    }
  },
  "rewards": {
    "experience": 50
  }
}