{
  "display": {
    "icon": {
      "item": "minecraft:clock"
    },
    "title": "Passing the Time",
    "description": "Play for 100 in-game days",
    "frame": "challenge",
    "show_toast": true,
    "announce_to_chat": true
  },
  "parent": "minecraft:adventure/adventuring_time",
  "criteria": {
    "time": {
      "trigger": "minecraft:location",
      "conditions": {
        "player": [
          {
            "condition": "minecraft:entity_scores",
            "entity": "this",
            "scores": {
              "vp.playTime": {
                "min": 120000
              }
            }
          }
        ]
      }
    }
  }
}