{
  "display": {
    "icon": {
      "item": "minecraft:charcoal"
    },
    "title": "Renewable Energy",
    "description": "Smelt wood trunks using charcoal to make more charcoal",
    "frame": "task",
    "show_toast": true,
    "announce_to_chat": true,
    "hidden": false
  },
  "parent": "vnla_prt:legacy/hot_topic",
  "criteria": {
    "charcoal": {
      "trigger": "minecraft:inventory_changed",
      "conditions": {
        "items": [
          {
            "items": ["minecraft:charcoal"]
          }
        ]
      }
    }
  }
}