{
  "display": {
    "icon": {
      "item": "minecraft:grass_block"
    },
    "title": {
      "translate":"advancements.story.root.title"
    },
    "description": {
      "translate": "advancements.story.root.description"
    },
    "background": "minecraft:textures/gui/advancements/backgrounds/stone.png",
    "frame": "task",
    "show_toast": false,
    "announce_to_chat": false
  },
  "criteria": {
    "requirement": {
      "trigger": "minecraft:location",
      "conditions": {}
    }
  }
}