{
  "display": {
    "icon": {
      "item": "minecraft:apple"
    },
    "title": "Saddle Up",
    "description": "Tame a horse"
  },
  "parent": "minecraft:husbandry/tame_an_animal",
  "criteria": {
    "horse": {
      "trigger": "minecraft:tame_animal",
      "conditions": {
        "entity": [
          {
            "condition": "minecraft:entity_properties",
            "entity": "this",
            "predicate": {
              "type": "minecraft:horse"
            }
          }
        ]
      }
    }
  }
}