{
  "display": {
    "icon": {
      "item": "minecraft:nether_star"
    },
    "title": "The Beginning",
    "description": "Kill the Wither",
    "frame": "goal",
    "show_toast": true,
    "announce_to_chat": true,
    "hidden": false
  },
  "parent": "minecraft:nether/summon_wither",
  "criteria": {
    "kill_wither": {
      "trigger": "minecraft:player_killed_entity",
      "conditions": {
        "entity": [
          {
            "condition": "minecraft:entity_properties",
            "entity": "this",
            "predicate": {
              "type": "minecraft:wither"
            }
          }
        ]
      }
    }
  },
  "requirements": [
    [
      "kill_wither"
    ]
  ]
}