{
  "display": {
    "icon": {
      "item": "minecraft:ravager_spawn_egg"
    },
    "title": "Kill the Beast!",
    "description": "Defeat a Ravager",
    "frame": "task",
    "show_toast": true,
    "announce_to_chat": true,
    "hidden": false
  },
  "parent": "vnla_prt:bedrock/were_being_attacked",
  "criteria": {
    "ravager": {
      "trigger": "minecraft:player_killed_entity",
      "conditions": {
        "entity": [
          {
            "condition": "minecraft:entity_properties",
            "entity": "this",
            "predicate": {
              "type": "minecraft:ravager"
            }
          }
        ]
      }
    }
  }
}