{
  "display": {
    "icon": {
      "item": "minecraft:ice"
    },
    "title": "Let it Go!",
    "description": "Using the Frost Walker boots, walk on at least 1 block on frozen water on a deep ocean",
    "frame": "task",
    "show_toast": true,
    "announce_to_chat": true,
    "hidden": false
  },
  "parent": "vnla_prt:bedrock/ahoy",
  "criteria": {
    "deep_ocean": {
      "trigger": "minecraft:location",
      "conditions": {
        "player": [
          {
            "condition": "minecraft:entity_properties",
            "entity": "this",
            "predicate": {
              "equipment": {
                "feet": {
                  "enchantments": [
                    {
                      "enchantment": "minecraft:frost_walker"
                    }
                  ]
                }
              }
            }
          }
        ],
        "location": {
          "position": {
            "y": 63
          },
          "biome": "minecraft:deep_ocean"
        }
      }
    },
    "deep_cold_ocean": {
      "trigger": "minecraft:location",
      "conditions": {
        "player": [
          {
            "condition": "minecraft:entity_properties",
            "entity": "this",
            "predicate": {
              "equipment": {
                "feet": {
                  "enchantments": [
                    {
                      "enchantment": "minecraft:frost_walker"
                    }
                  ]
                }
              }
            }
          }
        ],
        "location": {
          "position": {
            "y": 63
          },
          "biome": "minecraft:deep_cold_ocean"
        }
      }
    },
    "deep_lukewarm_ocean": {
      "trigger": "minecraft:location",
      "conditions": {
        "player": [
          {
            "condition": "minecraft:entity_properties",
            "entity": "this",
            "predicate": {
              "equipment": {
                "feet": {
                  "enchantments": [
                    {
                      "enchantment": "minecraft:frost_walker"
                    }
                  ]
                }
              }
            }
          }
        ],
        "location": {
          "position": {
            "y": 63
          },
          "biome": "minecraft:deep_lukewarm_ocean"
        }
      }
    },
    "deep_frozen_ocean": {
      "trigger": "minecraft:location",
      "conditions": {
        "player": [
          {
            "condition": "minecraft:entity_properties",
            "entity": "this",
            "predicate": {
              "equipment": {
                "feet": {
                  "enchantments": [
                    {
                      "enchantment": "minecraft:frost_walker"
                    }
                  ]
                }
              }
            }
          }
        ],
        "location": {
          "position": {
            "y": 63
          },
          "biome": "minecraft:deep_frozen_ocean"
        }
      }
    }
  },
  "requirements": [
    [
      "deep_frozen_ocean",
      "deep_lukewarm_ocean",
      "deep_cold_ocean",
      "deep_ocean"
    ]
  ]
}