{
  "display": {
    "icon": {
      "item": "minecraft:emerald_block"
    },
    "title": "Master Trader",
    "description": "Trade for 1000 emeralds",
    "frame": "challenge"
  },
  "parent": "vnla_prt:bedrock/the_haggler",
  "criteria": {
    "requirement": {
      "trigger": "minecraft:location",
      "conditions": {
        "player": [
          {
            "condition": "minecraft:entity_scores",
            "entity": "this",
            "scores": {
              "vp.tradedEmerald": {
                "min": 1000,
                "max": 2000
              }
            }
          }
        ]
      }
    }
  },
  "rewards": {
    "experience": 100
  }
}