{
  "display": {
    "icon": {
      "item": "minecraft:shulker_box"
    },
    "title": "Organizational Wizard",
    "description": "Rename a Shulker Box with an Anvil",
    "frame": "task",
    "show_toast": true,
    "announce_to_chat": true,
    "hidden": false
  },
  "parent": "minecraft:end/find_end_city",
  "criteria": {
    "renamed_shulker_box": {
      "trigger": "minecraft:inventory_changed",
      "conditions": {
        "items": [
          {
            "tag": "minecraft:shulker_boxes",
            "nbt": "{display:{}}"
          }
        ]
      }
    }
  }
}