{
  "display": {
    "icon": {
      "item": "minecraft:lead"
    },
    "title": "So I Got That Going For Me",
    "description": "Lead a caravan containing at least 5 llamas"
  },
  "parent": "minecraft:husbandry/tame_an_animal",
  "criteria": {
    "llama_caravan": {
      "trigger": "minecraft:location",
      "conditions": {
        "player": [
          {
            "condition": "minecraft:entity_scores",
            "entity": "this",
            "scores": {
              "vp.llamaCaravan": {
                "min": 5
              }
            }
          }
        ]
      }
    }
  }
}