{
  "display": {
    "icon": {
      "item": "minecraft:bell"
    },
    "title": "Sound the Alarm!",
    "description": "Ring the bell with a hostile enemy in the village"
  },
  "parent": "vnla_prt:bedrock/were_being_attacked",
  "criteria": {
    "ring_bell": {
      "trigger": "minecraft:item_used_on_block",
      "conditions": {
        "player": [
          {
            "condition": "minecraft:entity_properties",
            "entity": "this",
            "predicate": {
              "player": {
                "advancements": {
                  "vnla_prt:bedrock/were_being_attacked": true
                }
              }
            }
          }
        ],
        "location": {
          "block": {
            "blocks": ["minecraft:bell"]
          }
        }
      }
    }
  }
}