{
  "display": {
    "icon": {
      "item": "minecraft:suspicious_stew"
    },
    "title": "Time for Stew",
    "description": "Give someone a suspicious stew",
    "frame": "task",
    "show_toast": true,
    "announce_to_chat": true,
    "hidden": false
  },
  "parent": "minecraft:husbandry/root",
  "criteria": {
    "give_suspicious_stew": {
      "trigger": "minecraft:thrown_item_picked_up_by_entity",
      "conditions": {
        "item": {
          "items": ["minecraft:suspicious_stew"]
        }
      }
    }
  }
}