{
  "display": {
    "icon": {
      "item": "minecraft:crossbow"
    },
    "title": "We're Being Attacked!",
    "description": "Trigger a Pillager Raid",
    "frame": "task",
    "show_toast": true,
    "announce_to_chat": true,
    "hidden": false
  },
  "parent": "minecraft:adventure/voluntary_exile",
  "criteria": {
    "trigger_raid": {
      "trigger": "minecraft:location",
      "conditions": {
        "player": [
          {
            "condition": "minecraft:entity_scores",
            "entity": "this",
            "scores": {
              "vp.raidTrigger": {
                "min": 1
              }
            }
          }
        ],
        "location": {
          "feature": "village"
        }
      }
    }
  }
}