[
  {
    "condition": "minecraft:alternative",
    "terms": [
      {
        "condition": "minecraft:entity_properties",
        "entity": "this",
        "predicate": {
          "nbt": "{Invulnerable:1b}"
        }
      },
      {
        "condition": "minecraft:entity_properties",
        "entity": "this",
        "predicate": {
          "type": "minecraft:player",
          "player": {
            "gamemode": "creative"
          }
        }
      },
      {
        "condition": "minecraft:entity_properties",
        "entity": "this",
        "predicate": {
          "type": "minecraft:player",
          "player": {
            "gamemode": "spectator"
          }
        }
      }
    ]
  }
]