[
  {
    "condition": "minecraft:entity_properties",
    "entity": "this",
    "predicate": {
      "type": "minecraft:trident",
      "nbt": "{Trident:{tag:{Enchantments:[{id:\"minecraft:loyalty\"}]}}}",
      "location": {
        "dimension": "minecraft:overworld"
      }
    }
  },
  {
    "condition": "minecraft:inverted",
    "term": {
      "condition": "minecraft:location_check",
      "predicate": {
        "position": {
          "y": {
            "min": -64
          }
        }
      }
    }
  }
]
