{
  "display": {
    "icon": {
      "item": "minecraft:netherite_hoe",
      "nbt": "{Damage:0}"
    },
    "title": {
      "translate": "advancements.husbandry.netherite_hoe.title"
    },
    "description": {
      "translate": "advancements.husbandry.netherite_hoe.description"
    },
    "frame": "challenge",
    "show_toast": true,
    "announce_to_chat": true,
    "hidden": false
  },
  "parent": "vnla_prt:legacy/bound_commitment",
  "rewards": {
    "experience": 100
  },
  "criteria": {
    "netherite_hoe": {
      "trigger": "minecraft:inventory_changed",
      "conditions": {
        "items": [
          {
            "items": ["minecraft:netherite_hoe"]
          }
        ]
      }
    }
  },
  "requirements": [
    [
      "netherite_hoe"
    ]
  ]
}