[
  {
    "condition": "minecraft:location_check",
    "predicate": {
      "position": {
        "y": {
          "min": 150,
          "max": 2147483647
        }
      }
    }
  },
  {
    "condition": "minecraft:alternative",
    "terms": [
      {
        "condition": "minecraft:location_check",
        "predicate": {
          "biome": "minecraft:giant_tree_taiga"
        }
      },
      {
        "condition": "minecraft:location_check",
        "predicate": {
          "biome": "minecraft:giant_tree_taiga_hills"
        }
      }
    ]
  }
]
