[
  {
    "condition": "minecraft:location_check",
    "predicate": {
      "position": {
        "y": {
          "min": 280,
          "max": 2147483647
        }
      }
    }
  },
  {
    "condition": "minecraft:alternative",
    "terms": [
      {
        "condition": "minecraft:location_check",
        "predicate": {
          "biome": "minecraft:the_void"
        }
      },
      {
        "condition": "minecraft:location_check",
        "predicate": {
          "biome": "minecraft:river"
        }
      },
      {
        "condition": "minecraft:location_check",
        "predicate": {
          "biome": "minecraft:warm_ocean"
        }
      },
      {
        "condition": "minecraft:location_check",
        "predicate": {
          "biome": "minecraft:deep_warm_ocean"
        }
      },
      {
        "condition": "minecraft:location_check",
        "predicate": {
          "biome": "minecraft:lukewarm_ocean"
        }
      },
      {
        "condition": "minecraft:location_check",
        "predicate": {
          "biome": "minecraft:deep_lukewarm_ocean"
        }
      },
      {
        "condition": "minecraft:location_check",
        "predicate": {
          "biome": "minecraft:ocean"
        }
      },
      {
        "condition": "minecraft:location_check",
        "predicate": {
          "biome": "minecraft:deep_ocean"
        }
      },
      {
        "condition": "minecraft:location_check",
        "predicate": {
          "biome": "minecraft:cold_ocean"
        }
      },
      {
        "condition": "minecraft:location_check",
        "predicate": {
          "biome": "minecraft:deep_cold_ocean"
        }
      }
    ]
  }
]
