[
  {
    "condition": "minecraft:location_check",
    "predicate": {
      "position": {
        "y": {
          "min": 90,
          "max": 2147483647
        }
      }
    }
  },
  {
    "condition": "minecraft:alternative",
    "terms": [
      {
        "condition": "minecraft:location_check",
        "predicate": {
          "biome": "minecraft:windswept_hills"
        }
      },
      {
        "condition": "minecraft:location_check",
        "predicate": {
          "biome": "minecraft:windswept_gravvely_hills"
        }
      },
      {
        "condition": "minecraft:location_check",
        "predicate": {
          "biome": "minecraft:windswept_forest"
        }
      },
      {
        "condition": "minecraft:location_check",
        "predicate": {
          "biome": "minecraft:stony_shore"
        }
      },
      {
        "condition": "minecraft:location_check",
        "predicate": {
          "biome": "minecraft:frozen_ocean"
        }
      },
      {
        "condition": "minecraft:location_check",
        "predicate": {
          "biome": "minecraft:deep_frozen_ocean"
        }
      }
    ]
  }
]
